{
  "0": {
    "precision": 0.25,
    "recall": 0.24242424242424243,
    "f1-score": 0.24615384615384617,
    "support": 33.0
  },
  "1": {
    "precision": 0.48148148148148145,
    "recall": 0.25,
    "f1-score": 0.3291139240506329,
    "support": 52.0
  },
  "2": {
    "precision": 0.46357615894039733,
    "recall": 0.6363636363636364,
    "f1-score": 0.5363984674329502,
    "support": 110.0
  },
  "3": {
    "precision": 0.0,
    "recall": 0.0,
    "f1-score": 0.0,
    "support": 12.0
  },
  "4": {
    "precision": 0.5818181818181818,
    "recall": 0.2882882882882883,
    "f1-score": 0.3855421686746988,
    "support": 111.0
  },
  "5": {
    "precision": 0.8467852257181943,
    "recall": 0.9225037257824144,
    "f1-score": 0.8830242510699001,
    "support": 671.0
  },
  "6": {
    "precision": 0.8571428571428571,
    "recall": 0.42857142857142855,
    "f1-score": 0.5714285714285714,
    "support": 14.0
  },
  "accuracy": 0.7457627118644068,
  "macro avg": {
    "precision": 0.49725770072873027,
    "recall": 0.3954501887757157,
    "f1-score": 0.4216658898300856,
    "support": 1003.0
  },
  "weighted avg": {
    "precision": 0.7268744956721906,
    "recall": 0.7457627118644068,
    "f1-score": 0.7253691780479848,
    "support": 1003.0
  }
}