{
  "AUROC": 0.999308705329895,
  "AUPR-IN": 0.9933205842971802,
  "AUPR-OUT": 0.999956488609314,
  "FPR95TPR": 0.0033244681544601917
}