{
  "Coverage_rate": 0.9112219451371572,
  "Average_size": 1.8059850374064839
}