{
  "0": {
    "precision": 0.2702702702702703,
    "recall": 0.30303030303030304,
    "f1-score": 0.2857142857142857,
    "support": 33.0
  },
  "1": {
    "precision": 0.33858267716535434,
    "recall": 0.8269230769230769,
    "f1-score": 0.48044692737430167,
    "support": 52.0
  },
  "2": {
    "precision": 0.5797101449275363,
    "recall": 0.36363636363636365,
    "f1-score": 0.44692737430167595,
    "support": 110.0
  },
  "3": {
    "precision": 0.0,
    "recall": 0.0,
    "f1-score": 0.0,
    "support": 12.0
  },
  "4": {
    "precision": 0.5679012345679012,
    "recall": 0.4144144144144144,
    "f1-score": 0.4791666666666667,
    "support": 111.0
  },
  "5": {
    "precision": 0.8590308370044053,
    "recall": 0.8718330849478391,
    "f1-score": 0.8653846153846154,
    "support": 671.0
  },
  "6": {
    "precision": 0.875,
    "recall": 0.5,
    "f1-score": 0.6363636363636364,
    "support": 14.0
  },
  "accuracy": 0.7288135593220338,
  "macro avg": {
    "precision": 0.4986421662764953,
    "recall": 0.46854817756457096,
    "f1-score": 0.45628621511502593,
    "support": 1003.0
  },
  "weighted avg": {
    "precision": 0.7397707504890721,
    "recall": 0.7288135593220338,
    "f1-score": 0.7241709777242146,
    "support": 1003.0
  }
}