{
  "Coverage_rate": 0.9511221945137157,
  "Average_size": 3.0104738154613466
}