{
  "0": {
    "precision": 0.4090909090909091,
    "recall": 0.2727272727272727,
    "f1-score": 0.32727272727272727,
    "support": 33.0
  },
  "1": {
    "precision": 0.44871794871794873,
    "recall": 0.6730769230769231,
    "f1-score": 0.5384615384615384,
    "support": 52.0
  },
  "2": {
    "precision": 0.4461538461538462,
    "recall": 0.5272727272727272,
    "f1-score": 0.48333333333333334,
    "support": 110.0
  },
  "3": {
    "precision": 0.8,
    "recall": 0.3333333333333333,
    "f1-score": 0.47058823529411764,
    "support": 12.0
  },
  "4": {
    "precision": 0.5568181818181818,
    "recall": 0.44144144144144143,
    "f1-score": 0.49246231155778897,
    "support": 111.0
  },
  "5": {
    "precision": 0.890881913303438,
    "recall": 0.8882265275707899,
    "f1-score": 0.8895522388059701,
    "support": 671.0
  },
  "6": {
    "precision": 0.8181818181818182,
    "recall": 0.6428571428571429,
    "f1-score": 0.72,
    "support": 14.0
  },
  "accuracy": 0.7577268195413759,
  "macro avg": {
    "precision": 0.624263516752306,
    "recall": 0.539847909754233,
    "f1-score": 0.5602386263893537,
    "support": 1003.0
  },
  "weighted avg": {
    "precision": 0.7642606020670258,
    "recall": 0.7577268195413759,
    "f1-score": 0.7569756673099868,
    "support": 1003.0
  }
}