{
  "AUROC": 0.9972996115684509,
  "AUPR-IN": 0.9827996492385864,
  "AUPR-OUT": 0.9998140931129456,
  "FPR95TPR": 0.01130319107323885
}