{
  "Coverage_rate": 0.8907730673316708,
  "Average_size": 1.774563591022444
}