{
  "Coverage_rate": 0.9122194513715711,
  "Average_size": 1.7760598503740648
}