{
  "AUROC": 0.9970885515213013,
  "AUPR-IN": 0.9823002219200134,
  "AUPR-OUT": 0.9997915625572205,
  "FPR95TPR": 0.012300532311201096
}