{
  "AUROC": 0.650530219078064,
  "AUPR-IN": 0.2241894006729126,
  "AUPR-OUT": 0.9567543268203735,
  "FPR95TPR": 0.6555851101875305
}