{
  "0": {
    "precision": 0.3939393939393939,
    "recall": 0.3939393939393939,
    "f1-score": 0.3939393939393939,
    "support": 33.0
  },
  "1": {
    "precision": 0.38461538461538464,
    "recall": 0.28846153846153844,
    "f1-score": 0.32967032967032966,
    "support": 52.0
  },
  "2": {
    "precision": 0.5555555555555556,
    "recall": 0.4090909090909091,
    "f1-score": 0.4712041884816754,
    "support": 110.0
  },
  "3": {
    "precision": 0.0,
    "recall": 0.0,
    "f1-score": 0.0,
    "support": 12.0
  },
  "4": {
    "precision": 0.6428571428571429,
    "recall": 0.24324324324324326,
    "f1-score": 0.35294117647058826,
    "support": 111.0
  },
  "5": {
    "precision": 0.800498753117207,
    "recall": 0.9567809239940388,
    "f1-score": 0.8716904276985743,
    "support": 671.0
  },
  "6": {
    "precision": 1.0,
    "recall": 0.42857142857142855,
    "f1-score": 0.6,
    "support": 14.0
  },
  "accuracy": 0.7457627118644068,
  "macro avg": {
    "precision": 0.5396380328692406,
    "recall": 0.3885839196143646,
    "f1-score": 0.4313493594657945,
    "support": 1003.0
  },
  "weighted avg": {
    "precision": 0.7144595386938185,
    "recall": 0.7457627118644068,
    "f1-score": 0.7123191081254436,
    "support": 1003.0
  }
}