{
  "0": {
    "precision": 0.35135135135135137,
    "recall": 0.3939393939393939,
    "f1-score": 0.37142857142857144,
    "support": 33.0
  },
  "1": {
    "precision": 0.5555555555555556,
    "recall": 0.28846153846153844,
    "f1-score": 0.379746835443038,
    "support": 52.0
  },
  "2": {
    "precision": 0.4217687074829932,
    "recall": 0.5636363636363636,
    "f1-score": 0.48249027237354086,
    "support": 110.0
  },
  "3": {
    "precision": 0.0,
    "recall": 0.0,
    "f1-score": 0.0,
    "support": 12.0
  },
  "4": {
    "precision": 0.3691275167785235,
    "recall": 0.4954954954954955,
    "f1-score": 0.4230769230769231,
    "support": 111.0
  },
  "5": {
    "precision": 0.8899521531100478,
    "recall": 0.8315946348733234,
    "f1-score": 0.8597842835130971,
    "support": 671.0
  },
  "6": {
    "precision": 0.375,
    "recall": 0.42857142857142855,
    "f1-score": 0.4,
    "support": 14.0
  },
  "accuracy": 0.7068793619142573,
  "macro avg": {
    "precision": 0.4232507548969245,
    "recall": 0.42881412213964903,
    "f1-score": 0.4166466979764529,
    "support": 1003.0
  },
  "weighted avg": {
    "precision": 0.7280748658084456,
    "recall": 0.7068793619142573,
    "f1-score": 0.7124174486142542,
    "support": 1003.0
  }
}