{
  "0": {
    "precision": 0.265625,
    "recall": 0.5151515151515151,
    "f1-score": 0.35051546391752575,
    "support": 33.0
  },
  "1": {
    "precision": 0.52,
    "recall": 0.5,
    "f1-score": 0.5098039215686274,
    "support": 52.0
  },
  "2": {
    "precision": 0.5591397849462365,
    "recall": 0.4727272727272727,
    "f1-score": 0.5123152709359606,
    "support": 110.0
  },
  "3": {
    "precision": 0.5,
    "recall": 0.3333333333333333,
    "f1-score": 0.4,
    "support": 12.0
  },
  "4": {
    "precision": 0.46835443037974683,
    "recall": 0.3333333333333333,
    "f1-score": 0.3894736842105263,
    "support": 111.0
  },
  "5": {
    "precision": 0.8601997146932953,
    "recall": 0.8986587183308494,
    "f1-score": 0.8790087463556852,
    "support": 671.0
  },
  "6": {
    "precision": 1.0,
    "recall": 0.5714285714285714,
    "f1-score": 0.7272727272727273,
    "support": 14.0
  },
  "accuracy": 0.744765702891326,
  "macro avg": {
    "precision": 0.5961884185741827,
    "recall": 0.5178046777578392,
    "f1-score": 0.5383414020372932,
    "support": 1003.0
  },
  "weighted avg": {
    "precision": 0.7442595729565693,
    "recall": 0.744765702891326,
    "f1-score": 0.7402390428391364,
    "support": 1003.0
  }
}