{
  "0": {
    "precision": 0.391304347826087,
    "recall": 0.2727272727272727,
    "f1-score": 0.32142857142857145,
    "support": 33.0
  },
  "1": {
    "precision": 0.47560975609756095,
    "recall": 0.75,
    "f1-score": 0.582089552238806,
    "support": 52.0
  },
  "2": {
    "precision": 0.5370370370370371,
    "recall": 0.5272727272727272,
    "f1-score": 0.5321100917431193,
    "support": 110.0
  },
  "3": {
    "precision": 0.5,
    "recall": 0.25,
    "f1-score": 0.3333333333333333,
    "support": 12.0
  },
  "4": {
    "precision": 0.7857142857142857,
    "recall": 0.1981981981981982,
    "f1-score": 0.31654676258992803,
    "support": 111.0
  },
  "5": {
    "precision": 0.842741935483871,
    "recall": 0.9344262295081968,
    "f1-score": 0.8862190812720848,
    "support": 671.0
  },
  "6": {
    "precision": 0.75,
    "recall": 0.6428571428571429,
    "f1-score": 0.6923076923076923,
    "support": 14.0
  },
  "accuracy": 0.7647058823529411,
  "macro avg": {
    "precision": 0.6117724803084059,
    "recall": 0.5107830815090768,
    "f1-score": 0.5234335835590764,
    "support": 1003.0
  },
  "weighted avg": {
    "precision": 0.7636220830442386,
    "recall": 0.7647058823529411,
    "f1-score": 0.740667907815217,
    "support": 1003.0
  }
}