{
  "0": {
    "precision": 0.4166666666666667,
    "recall": 0.30303030303030304,
    "f1-score": 0.3508771929824561,
    "support": 33.0
  },
  "1": {
    "precision": 0.5185185185185185,
    "recall": 0.5384615384615384,
    "f1-score": 0.5283018867924528,
    "support": 52.0
  },
  "2": {
    "precision": 0.5436893203883495,
    "recall": 0.509090909090909,
    "f1-score": 0.5258215962441315,
    "support": 110.0
  },
  "3": {
    "precision": 0.8,
    "recall": 0.3333333333333333,
    "f1-score": 0.47058823529411764,
    "support": 12.0
  },
  "4": {
    "precision": 0.5180722891566265,
    "recall": 0.38738738738738737,
    "f1-score": 0.44329896907216493,
    "support": 111.0
  },
  "5": {
    "precision": 0.8549723756906077,
    "recall": 0.9225037257824144,
    "f1-score": 0.8874551971326164,
    "support": 671.0
  },
  "6": {
    "precision": 0.9,
    "recall": 0.6428571428571429,
    "f1-score": 0.75,
    "support": 14.0
  },
  "accuracy": 0.7666999002991027,
  "macro avg": {
    "precision": 0.6502741672029669,
    "recall": 0.5195234771347184,
    "f1-score": 0.5651918682168485,
    "support": 1003.0
  },
  "weighted avg": {
    "precision": 0.7516563074680606,
    "recall": 0.7666999002991027,
    "f1-score": 0.7554603217696994,
    "support": 1003.0
  }
}