{
  "0": {
    "precision": 0.4,
    "recall": 0.24242424242424243,
    "f1-score": 0.3018867924528302,
    "support": 33.0
  },
  "1": {
    "precision": 0.5555555555555556,
    "recall": 0.6730769230769231,
    "f1-score": 0.6086956521739131,
    "support": 52.0
  },
  "2": {
    "precision": 0.5816326530612245,
    "recall": 0.5181818181818182,
    "f1-score": 0.5480769230769231,
    "support": 110.0
  },
  "3": {
    "precision": 0.7142857142857143,
    "recall": 0.4166666666666667,
    "f1-score": 0.5263157894736842,
    "support": 12.0
  },
  "4": {
    "precision": 0.5308641975308642,
    "recall": 0.38738738738738737,
    "f1-score": 0.4479166666666667,
    "support": 111.0
  },
  "5": {
    "precision": 0.8589211618257261,
    "recall": 0.9254843517138599,
    "f1-score": 0.890961262553802,
    "support": 671.0
  },
  "6": {
    "precision": 0.8181818181818182,
    "recall": 0.6428571428571429,
    "f1-score": 0.72,
    "support": 14.0
  },
  "accuracy": 0.7756729810568295,
  "macro avg": {
    "precision": 0.6370630143487004,
    "recall": 0.5437255046154343,
    "f1-score": 0.5776932980568313,
    "support": 1003.0
  },
  "weighted avg": {
    "precision": 0.7590792425349808,
    "recall": 0.7756729810568295,
    "f1-score": 0.7635617609668334,
    "support": 1003.0
  }
}