{
  "0": {
    "precision": 0.46153846153846156,
    "recall": 0.5454545454545454,
    "f1-score": 0.5,
    "support": 33.0
  },
  "1": {
    "precision": 0.7666666666666667,
    "recall": 0.4423076923076923,
    "f1-score": 0.5609756097560976,
    "support": 52.0
  },
  "2": {
    "precision": 0.6285714285714286,
    "recall": 0.6,
    "f1-score": 0.6139534883720931,
    "support": 110.0
  },
  "3": {
    "precision": 0.5555555555555556,
    "recall": 0.4166666666666667,
    "f1-score": 0.47619047619047616,
    "support": 12.0
  },
  "4": {
    "precision": 0.7333333333333333,
    "recall": 0.2972972972972973,
    "f1-score": 0.4230769230769231,
    "support": 111.0
  },
  "5": {
    "precision": 0.849802371541502,
    "recall": 0.9612518628912071,
    "f1-score": 0.9020979020979021,
    "support": 671.0
  },
  "6": {
    "precision": 0.6875,
    "recall": 0.7857142857142857,
    "f1-score": 0.7333333333333333,
    "support": 14.0
  },
  "accuracy": 0.7986041874376869,
  "macro avg": {
    "precision": 0.6689954024581354,
    "recall": 0.5783846214759564,
    "f1-score": 0.6013753904038321,
    "support": 1003.0
  },
  "weighted avg": {
    "precision": 0.7897800109783724,
    "recall": 0.7986041874376869,
    "f1-score": 0.7791184432486844,
    "support": 1003.0
  }
}