{
  "0": {
    "precision": 0.5833333333333334,
    "recall": 0.21212121212121213,
    "f1-score": 0.3111111111111111,
    "support": 33.0
  },
  "1": {
    "precision": 0.3953488372093023,
    "recall": 0.6538461538461539,
    "f1-score": 0.4927536231884058,
    "support": 52.0
  },
  "2": {
    "precision": 0.5714285714285714,
    "recall": 0.36363636363636365,
    "f1-score": 0.4444444444444444,
    "support": 110.0
  },
  "3": {
    "precision": 1.0,
    "recall": 0.3333333333333333,
    "f1-score": 0.5,
    "support": 12.0
  },
  "4": {
    "precision": 0.4835164835164835,
    "recall": 0.3963963963963964,
    "f1-score": 0.43564356435643564,
    "support": 111.0
  },
  "5": {
    "precision": 0.8443526170798898,
    "recall": 0.9135618479880775,
    "f1-score": 0.8775948460987831,
    "support": 671.0
  },
  "6": {
    "precision": 0.6428571428571429,
    "recall": 0.6428571428571429,
    "f1-score": 0.6428571428571429,
    "support": 14.0
  },
  "accuracy": 0.748753738783649,
  "macro avg": {
    "precision": 0.6458338550606749,
    "recall": 0.5022503500255256,
    "f1-score": 0.5292006760080461,
    "support": 1003.0
  },
  "weighted avg": {
    "precision": 0.7416712045094341,
    "recall": 0.748753738783649,
    "f1-score": 0.7347969305455639,
    "support": 1003.0
  }
}