{
  "Coverage_rate": 0.9501246882793017,
  "Average_size": 3.0034912718204487
}