{
  "0": {
    "precision": 0.5357142857142857,
    "recall": 0.45454545454545453,
    "f1-score": 0.4918032786885246,
    "support": 33.0
  },
  "1": {
    "precision": 0.5142857142857142,
    "recall": 0.6923076923076923,
    "f1-score": 0.5901639344262295,
    "support": 52.0
  },
  "2": {
    "precision": 0.575,
    "recall": 0.41818181818181815,
    "f1-score": 0.4842105263157895,
    "support": 110.0
  },
  "3": {
    "precision": 1.0,
    "recall": 0.4166666666666667,
    "f1-score": 0.5882352941176471,
    "support": 12.0
  },
  "4": {
    "precision": 0.6144578313253012,
    "recall": 0.4594594594594595,
    "f1-score": 0.5257731958762887,
    "support": 111.0
  },
  "5": {
    "precision": 0.8591160220994475,
    "recall": 0.9269746646795827,
    "f1-score": 0.8917562724014337,
    "support": 671.0
  },
  "6": {
    "precision": 0.8461538461538461,
    "recall": 0.7857142857142857,
    "f1-score": 0.8148148148148148,
    "support": 14.0
  },
  "accuracy": 0.7836490528414756,
  "macro avg": {
    "precision": 0.7063896713683706,
    "recall": 0.5934071487935657,
    "f1-score": 0.626679616662961,
    "support": 1003.0
  },
  "weighted avg": {
    "precision": 0.7738676495746959,
    "recall": 0.7836490528414756,
    "f1-score": 0.7730575325444381,
    "support": 1003.0
  }
}