{
  "AUROC": 0.9973660707473755,
  "AUPR-IN": 0.9811474084854126,
  "AUPR-OUT": 0.9998143911361694,
  "FPR95TPR": 0.010305850766599178
}