{
  "Coverage_rate": 0.8927680798004988,
  "Average_size": 1.7027431421446384
}