{
  "AUROC": 0.9972267150878906,
  "AUPR-IN": 0.9854914546012878,
  "AUPR-OUT": 0.9997794032096863,
  "FPR95TPR": 0.008643616922199726
}