{
  "AUROC": 0.9945253729820251,
  "AUPR-IN": 0.9731855988502502,
  "AUPR-OUT": 0.9995523691177368,
  "FPR95TPR": 0.018284574151039124
}