{
  "0": {
    "precision": 0.3829787234042553,
    "recall": 0.5454545454545454,
    "f1-score": 0.45,
    "support": 33.0
  },
  "1": {
    "precision": 0.49295774647887325,
    "recall": 0.6730769230769231,
    "f1-score": 0.5691056910569106,
    "support": 52.0
  },
  "2": {
    "precision": 0.5119047619047619,
    "recall": 0.39090909090909093,
    "f1-score": 0.44329896907216493,
    "support": 110.0
  },
  "3": {
    "precision": 1.0,
    "recall": 0.4166666666666667,
    "f1-score": 0.5882352941176471,
    "support": 12.0
  },
  "4": {
    "precision": 0.46788990825688076,
    "recall": 0.4594594594594595,
    "f1-score": 0.4636363636363636,
    "support": 111.0
  },
  "5": {
    "precision": 0.886535552193646,
    "recall": 0.8733233979135618,
    "f1-score": 0.8798798798798799,
    "support": 671.0
  },
  "6": {
    "precision": 0.38461538461538464,
    "recall": 0.7142857142857143,
    "f1-score": 0.5,
    "support": 14.0
  },
  "accuracy": 0.7457627118644068,
  "macro avg": {
    "precision": 0.5895545824076861,
    "recall": 0.5818822568237089,
    "f1-score": 0.5563080282518522,
    "support": 1003.0
  },
  "weighted avg": {
    "precision": 0.7564978815771,
    "recall": 0.7457627118644068,
    "f1-score": 0.7468875790880807,
    "support": 1003.0
  }
}