{
  "Coverage_rate": 0.8993020937188435,
  "Average_size": 4.227318045862413
}