{
  "Coverage_rate": 0.9032418952618454,
  "Average_size": 1.6887780548628428
}