{
  "AUROC": 0.8515059947967529,
  "AUPR-IN": 0.5735938549041748,
  "AUPR-OUT": 0.9561679363250732,
  "FPR95TPR": 0.6590114831924438
}