{
  "AUROC": 0.9974147081375122,
  "AUPR-IN": 0.953968346118927,
  "AUPR-OUT": 0.9999460577964783,
  "FPR95TPR": 0.014955134131014347
}