{
  "0": {
    "precision": 0.4230769230769231,
    "recall": 0.3333333333333333,
    "f1-score": 0.3728813559322034,
    "support": 33.0
  },
  "1": {
    "precision": 0.5192307692307693,
    "recall": 0.5192307692307693,
    "f1-score": 0.5192307692307693,
    "support": 52.0
  },
  "2": {
    "precision": 0.5391304347826087,
    "recall": 0.5636363636363636,
    "f1-score": 0.5511111111111111,
    "support": 110.0
  },
  "3": {
    "precision": 0.5,
    "recall": 0.75,
    "f1-score": 0.6,
    "support": 12.0
  },
  "4": {
    "precision": 0.3902439024390244,
    "recall": 0.43243243243243246,
    "f1-score": 0.41025641025641024,
    "support": 111.0
  },
  "5": {
    "precision": 0.8995363214837713,
    "recall": 0.8673621460506706,
    "f1-score": 0.8831562974203339,
    "support": 671.0
  },
  "6": {
    "precision": 0.5,
    "recall": 0.7857142857142857,
    "f1-score": 0.6111111111111112,
    "support": 14.0
  },
  "accuracy": 0.7477567298105683,
  "macro avg": {
    "precision": 0.5387454787161567,
    "recall": 0.6073870471996935,
    "f1-score": 0.5639638650088484,
    "support": 1003.0
  },
  "weighted avg": {
    "precision": 0.7578981367636766,
    "recall": 0.7477567298105683,
    "f1-score": 0.751564506112708,
    "support": 1003.0
  }
}