{
  "0": {
    "precision": 0.36,
    "recall": 0.2727272727272727,
    "f1-score": 0.3103448275862069,
    "support": 33.0
  },
  "1": {
    "precision": 0.5434782608695652,
    "recall": 0.4807692307692308,
    "f1-score": 0.5102040816326531,
    "support": 52.0
  },
  "2": {
    "precision": 0.6231884057971014,
    "recall": 0.39090909090909093,
    "f1-score": 0.48044692737430167,
    "support": 110.0
  },
  "3": {
    "precision": 0.0,
    "recall": 0.0,
    "f1-score": 0.0,
    "support": 12.0
  },
  "4": {
    "precision": 0.5942028985507246,
    "recall": 0.36936936936936937,
    "f1-score": 0.45555555555555555,
    "support": 111.0
  },
  "5": {
    "precision": 0.8152866242038217,
    "recall": 0.9538002980625931,
    "f1-score": 0.8791208791208791,
    "support": 671.0
  },
  "6": {
    "precision": 0.5555555555555556,
    "recall": 0.35714285714285715,
    "f1-score": 0.43478260869565216,
    "support": 14.0
  },
  "accuracy": 0.7607178464606181,
  "macro avg": {
    "precision": 0.4988159635681097,
    "recall": 0.4035311598543449,
    "f1-score": 0.438636411423607,
    "support": 1003.0
  },
  "weighted avg": {
    "precision": 0.7273013146167211,
    "recall": 0.7607178464606181,
    "f1-score": 0.7339629976519758,
    "support": 1003.0
  }
}