{
  "AUROC": 0.8290693759918213,
  "AUPR-IN": 0.5046259164810181,
  "AUPR-OUT": 0.9482570886611938,
  "FPR95TPR": 0.7105342149734497
}