{
  "0": {
    "precision": 0.3448275862068966,
    "recall": 0.30303030303030304,
    "f1-score": 0.3225806451612903,
    "support": 33.0
  },
  "1": {
    "precision": 0.5254237288135594,
    "recall": 0.5961538461538461,
    "f1-score": 0.5585585585585585,
    "support": 52.0
  },
  "2": {
    "precision": 0.5604395604395604,
    "recall": 0.4636363636363636,
    "f1-score": 0.5074626865671642,
    "support": 110.0
  },
  "3": {
    "precision": 0.625,
    "recall": 0.4166666666666667,
    "f1-score": 0.5,
    "support": 12.0
  },
  "4": {
    "precision": 0.5507246376811594,
    "recall": 0.34234234234234234,
    "f1-score": 0.4222222222222222,
    "support": 111.0
  },
  "5": {
    "precision": 0.8392370572207084,
    "recall": 0.9180327868852459,
    "f1-score": 0.8768683274021353,
    "support": 671.0
  },
  "6": {
    "precision": 0.6923076923076923,
    "recall": 0.6428571428571429,
    "f1-score": 0.6666666666666666,
    "support": 14.0
  },
  "accuracy": 0.7577268195413759,
  "macro avg": {
    "precision": 0.5911371803813681,
    "recall": 0.5261027787959872,
    "f1-score": 0.5506227295111481,
    "support": 1003.0
  },
  "weighted avg": {
    "precision": 0.739581758486038,
    "recall": 0.7577268195413759,
    "f1-score": 0.7438581750195299,
    "support": 1003.0
  }
}