{
  "0": {
    "precision": 0.3333333333333333,
    "recall": 0.21212121212121213,
    "f1-score": 0.25925925925925924,
    "support": 33.0
  },
  "1": {
    "precision": 0.5714285714285714,
    "recall": 0.46153846153846156,
    "f1-score": 0.5106382978723404,
    "support": 52.0
  },
  "2": {
    "precision": 0.45454545454545453,
    "recall": 0.36363636363636365,
    "f1-score": 0.40404040404040403,
    "support": 110.0
  },
  "3": {
    "precision": 0.42857142857142855,
    "recall": 0.75,
    "f1-score": 0.5454545454545454,
    "support": 12.0
  },
  "4": {
    "precision": 0.4457831325301205,
    "recall": 0.3333333333333333,
    "f1-score": 0.38144329896907214,
    "support": 111.0
  },
  "5": {
    "precision": 0.8337874659400545,
    "recall": 0.9120715350223547,
    "f1-score": 0.8711743772241993,
    "support": 671.0
  },
  "6": {
    "precision": 0.7142857142857143,
    "recall": 0.7142857142857143,
    "f1-score": 0.7142857142857143,
    "support": 14.0
  },
  "accuracy": 0.7367896311066799,
  "macro avg": {
    "precision": 0.5402478715192396,
    "recall": 0.5352838028482056,
    "f1-score": 0.5266136995865051,
    "support": 1003.0
  },
  "weighted avg": {
    "precision": 0.7126724428851074,
    "recall": 0.7367896311066799,
    "f1-score": 0.7208343562690139,
    "support": 1003.0
  }
}