{
  "0": {
    "precision": 0.35714285714285715,
    "recall": 0.30303030303030304,
    "f1-score": 0.32786885245901637,
    "support": 33.0
  },
  "1": {
    "precision": 0.6222222222222222,
    "recall": 0.5384615384615384,
    "f1-score": 0.5773195876288659,
    "support": 52.0
  },
  "2": {
    "precision": 0.5147058823529411,
    "recall": 0.6363636363636364,
    "f1-score": 0.5691056910569106,
    "support": 110.0
  },
  "3": {
    "precision": 0.375,
    "recall": 0.5,
    "f1-score": 0.42857142857142855,
    "support": 12.0
  },
  "4": {
    "precision": 0.44339622641509435,
    "recall": 0.42342342342342343,
    "f1-score": 0.43317972350230416,
    "support": 111.0
  },
  "5": {
    "precision": 0.8921417565485362,
    "recall": 0.8628912071535022,
    "f1-score": 0.8772727272727273,
    "support": 671.0
  },
  "6": {
    "precision": 0.391304347826087,
    "recall": 0.6428571428571429,
    "f1-score": 0.4864864864864865,
    "support": 14.0
  },
  "accuracy": 0.7467597208374875,
  "macro avg": {
    "precision": 0.5137018989296769,
    "recall": 0.5581467501842209,
    "f1-score": 0.5285434995682484,
    "support": 1003.0
  },
  "weighted avg": {
    "precision": 0.7563123405242291,
    "recall": 0.7467597208374875,
    "f1-score": 0.7498788972747084,
    "support": 1003.0
  }
}